id	origin	content
ffa605d3-a8f9-4d25-9842-76be420e3176	wikinews	Prom Discovery wylądował. Misja STS-121 zakończona
ff5a696f-b309-4bf9-ab44-42ee9cf3faeb	wikinews	Włocławek: Mężczyzna śmiertelnie potrącił kobietę
fd704b9b-67b9-4939-a265-ba9e003ee798	wikinews	XIV Warszawski Festiwal Nauki: zapowiedź
fd6d4dc1-e50d-438c-9cd4-8cf6ec583dd8	wikinews	Ukraina kredytem bankowym zapłaci za gaz
fcc5652c-3854-4a6e-a7b5-63ab77a7239d	wikinews	Giro 2007: w 16. etapie Garzelli wygrywa po raz drugi
fcbf0b08-d284-4e82-b299-324892e00636	wikinews	Grabownica Starzeńska: motorowerzysta wjechał bezpośrednio przed jadący pojazd
fba5e15d-9fe0-4517-bfe7-52e58adc3ea8	wikinews	Szkolenie dotyczące Otwarych Zasobów Edukacyjnych w Krakowie: zapowiedź
fb63bfe1-dd2b-4ce2-b468-73cfa09c83a5	wikinews	Zakończył się XXIII Festiwal Śpiewających Przedszkolaków
fae98d83-13c8-4bd5-8887-93165e609986	wikinews	Może powstać "polskie Hollywood"
fae7767f-f661-4ab9-b692-1ee19a1ac2f5	wyborcza	Jarmark Bożonarodzeniowy w Gdyni na pl. Grunwaldzkim ruszy 4 grudnia
f9d837d8-9da2-482a-b416-469ec64658ca	wyborcza	Od Cortésa do Bolivara. Jak powstało i upadło zamorskie imperium Hiszpanii
f940dd26-e559-4ac3-9383-40c156710fd1	wikinews	Wystawa fotografii POTY w Przystanku Książka w Warszawie: zapowiedź
f92ed287-50d5-4fdf-90de-65ced3268d7b	wikinews	Widzewska Galeria Ekslibrisu z Łodzi 13 października 2015 r. obchodziła 25-lecie działania
f8342090-0a12-4967-8767-5f160371ed24	wikinews	Projekt nowelizacji ustawy o promocji zatrudnienia i instytucjach rynku pracy
f5fbff49-7e76-4eb1-b69e-f79a164a35d9	wikinews	X.Org Foundation przyznano status 501(c)3
f53e65b6-d4db-434e-9cc3-3a8598f6c286	wikinews	Egzamin Gimnazjalny 2007
f31e197a-02c7-47f5-b12a-4d9162a96e6d	wikinews	Planetoida 555468 została oficjalnie nazwana „Tokarczuk”
f2f4b13a-c76f-41a5-b231-e8618a6b4927	wikinews	Interwencja MON ws. tajnych archiwów WSI
f2e23bff-4601-47b5-a986-eafef6292c2c	wikinews	Spłonął zabytkowy kościół św. Doroty w Łodzi
f2643702-afff-41aa-ab21-f9d1ea25a372	wyborcza	Wakacje 2021. Kolejowe wycieczki wokół Warszawy: dla rowerzystów, piechurów i do tramwaju konnego
f261317a-c93b-482f-8d54-a48e2dfc9977	wikinews	WYSIFTW: nowe narzędzie ułatwiające edytowanie stron wiki
f18e0023-41e8-4654-9e0d-884c7a8ed558	wikinews	Simon Moleke Nije aresztowany
f088ff5b-6448-4baa-bdfe-92c66dbb2f27	wyborcza	Chełmno. Najdłuższe w Europie mury obronne na razie nie będą naprawiane
ee8fd92a-1279-4a50-a442-ebd18e32fdb5	wikinews	Trzęsienie ziemi w Azji o sile 6.3 w Skali Richtera
eda181ac-282d-4a2d-b38a-69a89bc9db5b	wikinews	Lekarz Witold N. został zatrzymany
ed388606-64b7-40f9-b8dc-f46bcac3924d	wyborcza	USA. Epidemiolodzy: wariant delta zakaźliwy jak ospa wietrzna
ebfdb955-9191-4f40-9489-366264cf9482	wyborcza	Tour de Pologne. Joao Almeida najmocniejszy w Przemyślu, Michał Kwiatkowski czwarty na II etapie
eb9524e4-be9d-4f28-b076-4971e705dde7	wikinews	Sejm odrzucił projekt ustawy o zmianie ustawy o podatku dochodowym od osób fizycznych
eae522f4-e5b6-45d2-b73b-091b87d52b13	wikinews	Austria: 10-letnia dziewczynka przeżyła upadek z 3 piętra
eade9e5f-6200-4793-a3d7-f14c83818724	wyborcza	Śmiertelny wypadek motocyklisty na obwodnicy Trójmiasta w Gdańsku
ea86b36e-5bd7-4cb0-8dd3-e4e30fe97a38	wyborcza	Sąd: Kurator oświaty Barbara Nowak ma przeprosić Związek Nauczycielstwa Polskiego
ea0d17f6-b85a-43be-a9a1-8a44f0989329	wyborcza	WP: siedziba Prokuratury Krajowej kosztowała prawie 136 mln zł
e9dbc5a0-85da-4c3a-a49d-7d9394707f8d	wikinews	Zbigniew Ziobro przesłuchany w sprawie akcji ABW
e741cbe8-bb75-4916-98f4-de7a54f9706b	wyborcza	Koronawirus w niedzielę, 28 listopada. Oficjalnie 20,6 tys. nowych zakażeń, zmarło 51 osób
e6ace5f4-27fe-4bb9-82dd-d39caa528568	wikinews	Krzysztof Kononowicz prezydentem Warszawy?
e669f790-b68a-435e-b36f-e41903256866	wikinews	Ruda Śląska: napad na konwój z pieniędzmi
e646c2c9-cb8e-454b-bc03-7fd14c52b401	wikinews	Wizyta rosyjskiej floty w Japonii
e533fbda-0e11-49d3-8ad6-55cdc930877d	wikinews	Tenis, Poertschach: czwórka najlepszych
e4f17eea-ce00-4a26-85ed-18018d658f70	wikinews	Mistrzostwa świata w piłce siatkowej kobiet: „dzika karta” dla Polski
e4bae782-a474-472a-ae6e-8a717c4a7c9a	wikinews	20 lutego 2015 roku trzy stacje metra w Warszawie otrzymały pozwolenie na użytkowanie
e48d9546-173a-4067-8471-2e3ede192c87	wikinews	Irańska reakcja na skierowanie sprawy programu atomowego do Rady Bezpieczeństwa ONZ
e42ad2f0-7fa9-4a09-8a0c-cf9ee92946c3	wikinews	Animation Now! Zapowiedź trzeciej edycji festiwalu animacji w Trójmieście
d22ed1e1-4945-4c92-9d5b-3ccfb84f86dc	wp-wiadomosci	Minibus bez kierowcy będzie za darmo woził pasażerów po cmentarzu w Gdańsku
d1c927e7-d480-4262-8f8e-d58586012fc0	wikinews	Ostateczna odmowa rejestracji domeny .xxx
d1ade9f6-d91d-45e0-bcd7-bc1af3d7ddd6	space24	Lądownik, który ma zapewnić NASA powrót na Księżyc. Wybrano ofertę SpaceX
d18038df-fbfa-4be4-874e-e6b9768cab7e	wikinews	Nasz Dziennik: „Kapitulacja w Juracie”
d17f6540-c74f-4d6e-9cfb-9bd79af24425	naukawpolsce	ABM: Rusza pierwszy konkurs w ramach Warsaw Health Innovation Hub
d05bc4b0-ded9-42a3-81cc-2664c3af5cf2	other	Dramat w kopalni Bielszowice. Premier zabrał głos
d0200789-e2e1-4393-9580-4b98c71dcf15	wikinews	Izrael ostrzega: Iran wkrótce wyprodukuje bombę atomową
cfc1345b-d761-426d-92bf-ba7bec787339	wyborcza	Czwarta fala pandemii i omikron - nowy wariant COVID-19. Konferencja prasowa premiera Morawieckiego
cf9a578b-fd00-4f0e-bec9-43c6c6c97bba	wyborcza	Wystawa Expo w Dubaju otwarta. Pawilon Polski inauguruje praca Leona Tarasewicza
cecbe2f6-7e0e-4495-8c8d-8477820f13d9	wikinews	Chiny: płonął portret Mao Zedonga
ce2a9daf-3551-45e5-8e07-5c791d0dc381	space24	Pomyślny start misji załogowej Crew-2
ce0af4b2-cf80-4723-99c5-15e19431f2bc	other	Tragedia nad jeziorem. Mężczyzna spłonął w przyczepie kempingowej
cd6204f6-5871-4489-a023-c09973017df6	space24	Misja Chang'e 5 dotarła na Księżyc
ccc246db-6678-460e-a288-7ce9505cb941	wyborcza	Kraków zrezygnuje z utwardzonej ścieżki na wałach Rudawy. "Z ogłoszeniem sukcesu poczekamy na zmiany w projekcie"
cbbb75c1-6bd1-4d9f-a116-356c505b21ae	wyborcza	Papież Franciszek i inni przywódcy religijni apelują o powstrzymanie zmian klimatu
cb8f4dc0-13c5-43a4-848d-0840621a667b	wyborcza	Sondaż Kantara. Większość Polaków uważa, że sprawy w kraju zmierzają w złym kierunku
cb6866bb-2f7e-41c3-b820-1cd6f62a241f	wikinews	Przedterminowe wybory parlamentarne w Portugalii
cad4dc7b-3281-406b-9538-630b73ee12ed	space24	Ślad obecności nieznanej egzoplanety w najbliższym sąsiedztwie Układu Słonecznego
caba5b33-6d17-4c04-92f6-b2d0b7b2764c	naukawpolsce	Prof. Rejdak: wstępne wyniki wskazują na trend w kierunku skuteczności amantadyny
ca931855-96b0-4459-8412-d58993eebf10	naukawpolsce	Opracowano atlas zmian zachodzących w ludzkim mózgu
c954168c-db89-48ed-8d79-aef8564aebc6	wikinews	Eurowybory 2014: remis PO i PiS, sukces Nowej Prawicy
c8cc52ad-2f39-4881-8fc2-024dfa254cec	naukawpolsce	Zmarł prof. Zygmunt Woźniczka
c803e275-1d78-46f9-8fdf-878172aa168d	wyborcza	Stan wyjątkowo nieludzki. We wtorek w Rzeszowie protest przeciwko kryzysowi humanitarnemu na granicy z Białorusią
c6c218d8-6c4a-4f19-95fd-d82400e09933	wikinews	Nustar będzie podglądał czarne dziury
c59069eb-360e-4003-94e6-04addd2c810a	tabletowo	Nie będzie różnicy, czy kupisz Galaxy Z Flip 4, czy Galaxy Z Flip 3
c5832bdc-5586-458e-a0b2-29121b3bd543	wyborcza	Lekarze z Anina przeszczepili serce polskiego dawcy uchodźczyni z Ukrainy
c4be86ac-6489-4fc5-a00f-91de8377314a	wikinews	Trwa budowa łódzkiego aquaparku
c4a993b4-ce75-4829-9678-320210a91154	space24	Centrum Technologii Kosmicznych - nowa jednostka AGH w Krakowie
c37a0619-218e-40fb-b2f0-43b728743afe	wikinews	MŚ w kolarstwie szosowym w 2010 roku w Melbourne
c30d3d4c-0298-4f64-b07f-8604a1848dde	wyborcza	Movember. Pamiętasz o przeglądzie auta? Nie zapomnij o jądrach
c2df38da-cf3a-4ab4-90db-18440f139584	wikinews	Berlin: protest przeciwko podwyżkom czynszów i gentryfikacji
c2af670a-da64-4c56-9007-a948102896fe	wikinews	Uchwalono zmiany w ordynacji bez obecności PO, SLD i PSL
c2adfd9b-98de-43df-a325-81eeb296ccf7	wikinews	Tomaszów Lubelski: 17-latek zranił się nożem w brzuch
c259454f-02d5-4e24-8658-6c99ca5d7a4b	space24	Finał deorbitacji masywnego segmentu chińskiej rakiety
c2140d6c-d203-4b3c-a7d5-e04a4774a5e6	wikinews	New York Times: Możliwe kolejne ataki terrorystyczne około 11 września
c210af0e-09e9-4b38-b5b4-aae56aaa17e9	wyborcza	Rosjanie weszli do zakładu Azowstal. Trwają ciężkie walki, nie ma kontaktu z obrońcami
c209dcde-1592-40d7-b405-9544d93d83d3	wyborcza	Podsumowanie dnia: 8 listopada. Kryzys na granicy, Tusk wzywa do sięgnięcia po art. 4 NATO, ponad 7 tys. zakażeń koronawirusem
c1d2e30a-03aa-4664-aee4-84436f447b62	wikinews	Marek Dyduch odszedł z SLD
c1d16ac9-2dcd-4872-9219-d965eb44b65e	space24	Satelity SAR wsparciem dla podwodnej archeologii antarktycznej
c1b9a264-a7a7-44ef-bbe7-0460ed5ad90f	space24	Jeff Bezos zaprezenował księżycowy lądownik Blue Moon
bffaa3f2-592d-40b8-aa89-4ea39b5f2875	wikinews	Kurt Waldheim nie żyje
bfbf9a3b-2cad-4575-9249-037c2a1d7299	other	Bolesław Ciepiela nie żyje. Znany zagłębiowski pisarz miał 90 lat
bf1dc977-50e3-4f42-9394-f6ece96f1560	wikinews	Zamknięte sklepy w Manchesterze z powodu zamieszek
bef2aaa9-3f6c-4292-8ca8-465b9d938fa8	naukawpolsce	USA/Badanie: po 7 miesiącach skuteczność szczepionki Pfizera przeciwko COVID-19 to 66,6 proc., Moderny 80,3 proc.
be63d685-c376-4681-a1ca-ecac476fe539	wikinews	PO: nie było żadnego listu w sprawie wcześniejszych wyborów
bdbf966a-fddc-4c8e-bd8b-22cff46ca49a	wikinews	Budapeszt: Blair rozmawia o budżecie Unii Europejskiej
bbee7438-63dc-4d61-aba5-b86dfef61c0c	wikinews	Boronów: Odbyła się druga edycja Boronoff Rock Festiwal
ba141bda-63cf-4142-8053-8c625682c201	space24	Las Vegas chce budować podziemne tunele Elona Muska
ba0c1ac8-2f46-4720-9293-4d65cc6ffc81	tvpsport	ATP w Madrycie: finał turnieju debla nie dla Hurkacza
b926653f-95b8-465d-8feb-8f95bcf73bcb	wyborcza	Emeryt z Częstochowy doniósł do prokuratury na prezes SN Małgorzatę Manowską i założyciela Ordo Iuris
b8227a57-a821-4c65-8a28-5a3bf72dba08	tabletowo	Ważna bariera przekroczona. Elektryczny Mercedes przejechał ponad 1000 km
b6e64f35-95ca-4162-9b2a-b98588971a76	other	Urodziny Radia Maryja. Duda wysłał Rydzykowi osobisty upominek
b6aea804-cef9-47c2-a0ba-6dcfc612e5bb	wikinews	Zmarł Laureat Nagrody Nobla Arthur Kornberg
b6ab7424-532c-497e-9545-98379b4f6e78	wikinews	Identyfikacja właściciela telefonu za pomocą tęczówki oka
b6660fcc-4cd6-4d00-99d3-2cd902833841	wikinews	Zniszczony ogród deszczowy w Warszawie
b5f6f2f6-83c7-4c06-bf3b-ecc568ded0f4	wikinews	Kolarstwo: Rund Um Köln odwołany
b5d2f821-92f8-4863-8d69-fb4a036dff7b	wikinews	Radosław Sikorski jedzie na Białoruś
b56f1e15-90b8-4d3f-a6cf-9f0c47555a45	wikinews	Zidane i Materazzi ukarani
b50e6800-23fa-4e1f-8c11-db31a5a8b1bd	tabletowo	Toyota chwali się dużą sprzedażą hybryd w Polsce
b504ad78-bff0-4b99-88c4-f9844f4e5cf6	strefaagro	Wywłaszczenie bez tajemnic. Na czym polega, ile wynosi odszkodowanie i czy można uchronić się przed utratą nieruchomości?
b4198384-038a-43a8-8560-9fadc38e151e	wikinews	Sowińska: seks tylko dla dorosłych?
b37b9858-17ec-4621-96e7-36f9a6b79751	naukawpolsce	Badaczka z Politechniki Gdańskiej poszukuje syntetycznych alternatyw implantów kostnych
b1d0efa7-13a8-4890-bcad-2ba1e4f28e6e	wikinews	Jan Mazoch pozostanie w śpiączce jeszcze kilka dni
b16b777b-bff7-4670-b69f-cad5a0452d85	wikinews	Wybory prezydenckie: Cisza wyborcza przed drugą turą w Polsce, głosowanie w USA
b13e40ff-f501-41fb-87fd-83cbaffb17de	wikinews	Egipt: Aresztowano podejrzanych o zamach w Szarm el-Szejk
aef26926-3dac-4cbc-9b84-05db6d9c503f	wikinews	Komisja bankowa przesłuchała Ryszarda Pazurę
aee1c5a7-5805-4c7f-b815-c08c82edf2ae	naukawpolsce	Prof. Szmyt laureatem Nagrody im. Tadeusza Kotarbińskiego
aeaa74b9-7a09-48b9-8b3a-fdf1f428f733	wyborcza	Chełmno. Przy przejściu dla pieszych samochód potrącił dziewczynkę
adc678e5-62f1-4247-a7c5-8320f415cab3	space24	Stacja Tiangong-2 przestała istnieć. Zamierzona deorbitacja nad Pacyfikiem
ad9b190c-225a-4a09-a2ab-59f427c3b7d3	wikinews	Powrót pociągów na trasę Piła Główna - Wałcz
acf5899a-79ae-4a24-bfdf-f070ada11444	wikinews	Walki w rosyjskim mieście Nalczyk
ac9bbac9-7f79-490e-9276-c05527502650	wikinews	SLD o Kwaśniewskim: Ta prezydentura przejdzie do historii jako dobry czas
abbecd1a-fee4-4aa1-bf26-6f7b3e9a65ee	wyborcza	Korki na bramkach autostrady A1 i Półwyspie Helskim
aba28b16-0a75-42a7-bf24-131105059d3d	wikinews	Adam Małysz wygrał sobotni konkurs skoków w Titisee-Neustadt
aac09905-0924-4535-9b22-db39a53eb2f2	wikinews	Liga Europy UEFA 2010/2011: Lech Poznań 0-0 Dnipro Dniepropietrowsk
aa6589e0-05e0-4250-9d2b-8210d64c0af2	wikinews	Lech Kaczyński i PO zwycięzcami majowych sondaży przedwyborczych
a9f1754a-a35f-494c-8b7a-782ec7c67fd0	space24	USA: Powołano Space Development Agency
a9ad0357-335e-464b-978a-27d89793b092	wikinews	Protesty antyprezydenckie w Jemenie
a97c5698-c774-463e-abce-a8d48caa4007	space24	Sonda Solar Orbiter skorzystała z asysty grawitacyjnej Wenus
a8e71487-afc8-476f-8c93-6dce38795c6a	wikinews	Historyczny triumf Adama Małysza w Holmenkollen
a79b1429-3837-4d20-b18f-279a7b8de9db	wikinews	Iran: Wyraźny spadek zakażeń SARS-CoV-2. Rząd ostrzega przed nową falą infekcji
a7660286-3908-44a6-8bc3-c83f4b429051	other	Dramat w woj. warmińsko-mazurskim. Ambulans czołowo zderzył się z osobówką
a20fb298-f21e-4fd0-a584-abc1665b4567	wikinews	Lewis Hamilton zwycięzcą Grand Prix Bahrajnu
a16529ec-f715-4e5d-8687-f15b3dab9091	wyborcza	Nie żyje pierwszy wicewojewoda Małopolski. Józef Leśniak miał 54 lata
a15da0a0-414b-4f58-b915-77a3501689d8	wikinews	Zderzenie pociągów w Pakistanie spowodowało śmierć setek ludzi
a13c8fe4-113e-41f0-8d58-447c1421c016	wpwiadomosci	Nieznane oblicze wojny. Rosjanie okradają swoich rannych i zabitych
a0da0516-81a4-43c1-9c1c-6b7988957a29	space24	Nazwy gór lodowych w hołdzie zasłużonym satelitom obserwacyjnym
a0b10d48-952d-42e8-95f0-6dca8473d4ee	tabletowo	CD Projekt RED zmaga się z rosyjską falą negatywnych recenzji gier
a09c9cd1-c924-4686-a80a-b08fd79fa921	wikinews	Afganistan: Polscy żołnierze oskarżeni o zabójstwo sześciu cywilów
a04addbe-62c4-44be-8447-6b6624970f6f	tabletowo	Android traci udziały na globalnym rynku. Zyskuje natomiast iOS
9ffe66ee-117e-436b-b853-55c9e7c33552	wikinews	Czarnogórski parlament proklamował niepodległość
9f612956-5084-4273-924c-b2a7e73e884a	wikinews	LiS zbiera „haki” na PO
9e446db3-2842-4f64-95c9-9bd3c9480068	wikinews	Wyniki wyborów parlamentarnych w lubuskim
9e410349-7897-4823-9011-3385800681b3	wikinews	ESRB: dwukrotnie mniejszy odsetek gier dla dorosłych
9de13b68-85a7-4001-805a-fb7e8fec6e72	wyborcza	Wypadek pod Poznaniem po policyjnym pościgu. Spalone auto, nieznana liczba ofiar
9d494d5a-6e05-4203-bde6-cfbfbf4a2ac4	wikinews	„Dżentelmeńska umowa” pomiędzy prezydentem i Tuskiem: wybory 21 października
9d40e2d6-733b-449b-90ef-9868d9e4cf5e	wikinews	Wrocław: Zarejestruj wypchane zwierzątko!
9c6bc35a-c77d-4af1-926e-1073eac31873	tabletowo	Kia potwierdza nowy, elektryczny model w gamie na przyszły rok
9c48c1f3-5a77-4f7e-aa5d-7a4133554aee	niebezpiecznik	Dziura w systemie e-TOLL: można było pobrać dane użytkowników
9c068615-94b3-46fd-bdd6-251105ce8b8f	wikinews	Sea Launch zdobył czwarty kontrakt
9befaf9e-c6f3-4207-b3d5-7dc8d03472ef	wikinews	Obchody 82. rocznicy wybuchu drugiej wojny światowej – złożenie kwiatów pod Pomnikiem Obrońców Wybrzeża
9bc31d94-8bbb-475e-ad78-76768692084a	tabletowo	W tym roku zostanie wycofany ostatni iPhone z ekranem LCD i notchem
9b976eb4-e2fe-4ecc-b59d-6f128304b0d5	wikinews	Lekarze z WUM-u przeprowadzili pierwszy w Polsce zabieg udrożnienia żył kończyny górnej z użyciem systemu AngioJet u pacjenta pediatrycznego
9a8a6319-4f85-40d9-ae71-b75913996c22	wikinews	Małopolski Wyścig Górski 2006: Marcin Sapa wygrał 1 etap
981d40c3-c4f6-4efd-b58a-1a7a1472d8ec	wikinews	44. Małopolski Wyścig Górski: Kiendyś wygrał kryterium uliczne w Krakowie
972120cf-118b-49ed-a561-cccb269865b8	wikinews	Berlin: wystąpi Narodowy Stary Teatr z Krakowa
969d243f-54f6-4b31-8230-5ed0cfe64087	wikinews	Tadeusz Sznuk odchodzi na emeryturę
96223ad2-efce-462f-bf00-34c282cc4095	wyborcza	Pat w szpitalu psychiatrycznym w Kielcach. Większość lekarzy złożyła wypowiedzenia
9585741a-c3fd-4299-87d9-6d207e881ef9	wyborcza	Iga Świątek znów przegrała z Uns Dżabir. Nieudany powrót Polki po igrzyskach w Tokio
9564f3be-ecb8-449c-948a-8ee6fa9ab795	wikinews	Szwajcarzy decydują czy otworzą swoje granice dla 10 nowych członków UE
93d685cc-1649-454e-94ca-fc7588ddaada	space24	Udane testy systemów ratunkowych statku Orion
93b375c8-6651-42a8-b257-c4aa8de06ffa	space24	Pentagon sprawdzi certyfikację rakiet SpaceX dla realizacji misji wojskowych
92b7db8a-071a-4d30-856a-1edfde6eef88	other	Doniesienia z Syberii. Mrożą krew w żyłach
91a876e1-c563-48af-8afc-5e2989a17b98	other	Wyrzucono ją z samochodu pod szpitalem. 26-latka nie żyje
90966e93-a28f-430d-b14a-10e3ee2de561	wikinews	Polskie Towarzystwo Informatyczne włączy się w poprawianie Wikipedii
90765982-b17b-47c0-9689-a1a8c13ef8e1	wikinews	Puchar Polski: Stal Stalowa Wola - PGE GKS Bełchatów 1:0
8dc7fdad-0427-4429-b5ef-6829ab81b43d	wikinews	118. rocznica śmierci pisarza i dramaturga Ignacego Maciejowskiego
8d4709dd-25f9-467c-9dbb-37ee52d60f12	wikinews	Awaria Spotify i Discorda
8b55320a-e481-434b-9211-44a28ff833e1	space24	Polacy dalej udoskonalają kosmiczny metr z Sèvres
8b05525f-9409-4033-9da5-61d31a2e52fd	wikinews	Niemcy: Strajk ostrzegawczy kolejarzy
8ad2a9a6-ff16-47e3-a373-a0377cffb61f	wikinews	Odwołano prolog Internationale Österreich-Rundfahrt
8acd9237-5315-4c32-a8dd-6de3453ed501	wyborcza	Tokio 2020. Wyścig życia polskich kajakarek, Karolina Naja i Anna Puławska mają srebro!
8a6f40f2-9c47-4535-8e34-73efe951fbff	tabletowo	Aktualizacja zza grobu. LG Velvet dostaje Androida 12
89e0eb31-2b23-4743-b555-ad2381c015c1	other	Policja użyła gazu pieprzowego. Wszystko przez brak maseczki
89704578-f38f-4ac1-b3c7-c43b1f83a720	wikinews	Białoruś: 892 nowe ogniska koronawirusa
896d15d1-d153-4001-a3b2-30afcd933d4c	other	Tragiczna śmierć diakona z Radomia. Miał 31 lat
88c386d9-ded3-42fa-a27e-40b00844ca01	naukawpolsce	Politechnika Warszawska przechodzi na zdalne nauczanie
88750a68-44cf-4fe1-95a5-5dd844e97a03	tabletowo	Tablet od „pogromców flagowców” w produkcji. Wyciekła specyfikacja
88592d96-31f2-4ee7-ac82-17b88975210b	wikinews	Boni do twórców: kreatywność i kultura w nowym świecie
87d7e83f-91ee-4568-bdef-595182e244fe	tabletowo	Dobre wieści! 3D Touch może powrócić do iPhone’ów
8787ed9d-ff79-40d4-a9e4-8b2aa5b9961c	wikinews	Barracuda Networks: coraz więcej spamu
876ee745-0d13-4246-a14f-d332191acc9d	tvpsport	Alessandro Chiappini: marzę o zostaniu selekcjonerem polskiej reprezentacji
87110fd0-d6c7-47fb-adec-149db209cb4c	wyborcza	Koronawirus we wtorek 19 października: oficjalnie prawie 4 tys. nowych zakażeń i 64 zgony
87036528-b2e0-40aa-8ddb-2699eb81a066	wikinews	Becikowe - karta przetargowa LPR
86c4ae80-c094-4a4f-a642-a7b9112c669c	naukawpolsce	Analiza: najwięcej prac naukowych o SI z Chin, USA i Indii
864ba904-e879-425e-a4d5-a650f99315a1	wpwiadomosci	Mateusz Morawiecki: wystąpiliśmy do Komisji Europejskiej o środki dla uchodźców
85111cbd-caef-4f17-a412-ed2d5aa1cd78	wikinews	Białoruś: Zaostrzono walkę z nielegalnymi taksówkarzami
84d452a9-fcb8-48da-b3d2-c286dac94ac9	tvpsport	Szkoci wybrali piłkarza sezonu
8487a3a0-1f35-4a9c-872a-df388381ec56	wyborcza	Zmarła Karolina Kaczorowska, żona ostatniego Prezydenta Rzeczypospolitej na Uchodźstwie
83fb5491-9364-4d21-839e-b8f96c2638d9	niebezpiecznik	Policjanci odtwarzają muzykę, aby zablokować streamowanie ich interwencji w internecie
83312566-fa39-49a8-bd86-dcf41ed0668c	wikinews	Polsat 24 będzie nowym kanałem informacyjnym
8323c33d-f24a-46de-ab88-67f3fac22748	wyborcza	Andrzej Zaorski nie żyje. Miał 79 lat
826d805a-ff19-4523-893d-b2c046edcc7f	wyborcza	Klan Casamonica skazany - zapadł wyrok w jednym z największych procesów mafii w Rzymie
82276781-cd8d-40ad-a949-83405c2253cc	pudelek	Oscary 2021 - wyniki: Frances McDormand i Anthony Hopkins najlepszymi aktorami, "Nomadland" najlepszym filmem
8210e6c3-9e5b-4ba4-8d43-23527cd36e0d	wikinews	Po 13-dniowej misji Discovery wylądował
8155ec2c-0fdb-44f8-aef2-f7923da8bfe6	space24	Portal dostępowy do danych satelitarnych Sat4Envi będzie uruchomiony w przyszłym roku
80c6869b-7625-4a57-bca2-733bdca72c79	wikinews	Od 16 kwietnia obowiązek zakrywania nosa i ust w przestrzeni publicznej
80521241-87df-4895-9bfc-b8bc3e6f776b	wikinews	Szwajcaria: władze zakazują demonstracji przeciw Światowemu Forum Ekonomicznemu
8043bb09-3afd-4baa-9aa0-ea54d1e064f2	space24	Wojsko Polskie zamówiło serię komercyjnych zobrazowań satelitarnych
75c41665-cb5d-42c2-96c3-e9b66a2d3dee	other	Silnie wieje, w porywach do 100 km/godz. Awarie prądu w Kujawsko-Pomorskiem, powalone drzewa w Toruniu
7587e17e-fc84-4bb3-8ffc-4d783f29cdaf	space24	Starship SN15 dopełnił dzieła. Udane lądowanie poprawionego prototypu
745a439b-f258-460c-80f5-22cea00df67d	wikinews	Uchwała nr 99/XL Rady Naczelnej ZHP w sprawie wojny w Ukrainie i służby Związku Harcerstwa Polskiego
74252f6c-6f28-43f9-96aa-0def9a740573	wikinews	Bazylika Narodzenia Pańskiego w Betlejem na wniosek Autonomii Palestyńskiej na liście UNESCO
73a1c7c6-8ce2-4c1d-9eb6-d47138431ded	wikinews	Trzęsienie ziemi w Indonezji
7361c3b8-c7bd-481d-9ec7-1faf90c1327b	wikinews	Tarnowskie Góry: wypadek w skradzionym samochodzie
733b5143-0eeb-4dcd-b607-a1bcb527ea8a	tabletowo	World of Tanks opuszcza Rosję i Białoruś
72f4f355-dda5-4ab5-9c3f-4560010c7be8	wikinews	Budapeszt: odbyła się 2. Gala Polonijna
72b234fc-9e56-4a2d-a905-f677331a56fd	naukawpolsce	Spożywanie białka z wielu źródeł może obniżać ryzyko nadciśnienia tętniczego
726ca951-7f93-46d4-91d9-3fe76bafb164	wikinews	Drugie przesłuchanie Andrzeja Czyżewskiego
724c7683-de74-451d-86f7-4b1545ba1000	wyborcza	Katarzyna Zillmann, srebrna medalistka olimpijska, zrobiła coming out na antenie TVP
71f084cb-4f68-41f5-a531-09c446ba9dcb	wyborcza	41. rocznica podpisania Porozumień Sierpniowych w Gdańsku. Wśród gości Vera Jourová i Żanna Niemcowa
6f546eb0-c8be-40e6-9746-60d4e49fcb06	wikinews	Islamiści dokonali zamachów na kościoły katolickie w Nigerii
6f5265cb-98cb-43b6-b48e-2f681cc07bdc	other	Konsekwencje skandalu w policji. Oficer elitarnej jednostki zawieszony
6d1ecd8e-5e7f-4bde-b032-6e82ae543bd2	wikinews	Neymar zagra przeciwko Kolumbii w ćwierćfinale Mistrzostw Świata w Piłce Nożnej 2014
6c6f081b-27e5-4106-9789-9bcc1132dcb2	wyborcza	Nergal nie obraził uczuć religijnych. Sąd uznał, że nikt nie musiał oglądać zdeptanego obrazu Maryi
6c0cf324-f4e1-48b2-bf35-c5abd91b8aed	wikinews	Sandomierz: Pielęgniarka w szpitalu zakażona SARS-CoV-2
6acdc842-cb07-42c9-8a43-0ce5a25cfe2d	other	Śląskie. Wszystkie linie i godziny odjazdów  w telefonie, nowa aplikacja już dostępna
6abceea3-f1d4-4c4a-83cd-8582c56b53db	wikinews	Piętnasta rocznica śmierci świętego Jana Pawła II
68eae624-2ca7-48c5-8b2c-a982b85b015e	wikinews	Czechy: wypadek Kuzaja w rajdzie - dwóch kibiców nie żyje
67b64b02-e80b-409f-bd39-5c820bc3a706	wikinews	Pakiet pomocy od rządu dla Stalowej Woli
66eb69ba-6d0e-4fb1-afe0-99b21cbd96da	wikinews	Siergiej Sirotkin drugim kierowcą Williamsa, Robert Kubica kierowcą rezerwowym
669bfc79-9fa3-4dcc-b551-1b546a1c5a44	wikinews	Cristiano Ronaldo zdobywcą Złotej Piłki FIFA 2014
66453dbc-a4ec-4428-b365-c4bb29a6993c	wyborcza	Rosyjski wywiad włamał się do poczty gen. Skrzypczaka. Wykradł analizę nt. możliwego ataku Rosji na Polskę
661f455e-6fa9-4610-9815-872130379263	wikinews	Niemcy: kompromis w sprawie podwyżek płac w budownictwie
661b6e73-f4bf-4ed6-8e36-84f8a4275060	wyborcza	Stocznia Gryfia ma 23,6 mln zł straty, ale TVP Szczecin radośnie ogłasza: "Stocznia na plusie"
65e501c6-e05e-47c3-a30e-dc82fd8360d7	wyborcza	Drugi wyrok dla Józefa Piniora. Więzienie bez zawieszenia za oświadczenia majątkowe
65acc21a-3eef-49b3-a841-77151c23fd08	wyborcza	Wicepremier Gliński: Jest równowaga w inwestycjach w kulturę między Toruniem a Bydgoszczą
6589387b-33b9-4bc9-a1cd-50d2bce6a43b	wyborcza	Prezydenci apelują: - Trzeba jak najszybciej zmodernizować autostradę A4 i wybudować drogę S5
653a5ee1-288f-468f-b345-acf211dc8311	wikinews	Palestyńczycy z Jerozolimy mogą wziąć udział w wyborach parlamentarnych w Autonomii
63ca455c-c9b1-4d29-b698-7aa4ef533dc6	wikinews	Krzyż Wielki Orderu Odrodzenia Polski dla ojca Macieja Zięby
63a94cf9-075c-48e1-af74-618ec765cd76	wikinews	Porozumienie o budowie gazociągu wzdłuż Morza Kaspijskiego podpisane
632c68df-75a5-4769-b28f-d5d38e387ff8	wikinews	Trzeci dzień walki z pożarami w San Diego w Kalifornii
61fa2947-50f0-47c8-8144-9afead0b3626	niebezpiecznik	Są propozycje regulacji przeciwko wyłudzeniom kart SIM
60faf84a-f192-41c6-945b-e194c85552b6	naukawpolsce	Zmarł Andrzej Piotrowski dyrektor Muzeum Badań Polarnych
60ed063f-478b-45df-a4a7-be465bbd2453	wikinews	W wieku 73 lat zmarła Violetta Villas
60545932-292c-43ca-89ee-22991d264096	wikinews	Prezydent u Polonii w Chicago na koncercie „Polska dla Chicago”
5f9cbcca-a390-4da4-b1b5-6a9aeffe4de1	space24	Rozwój poprzez konsolidację. Co dalej z rynkiem SATCOM? [KOMENTARZ]
5eefcf67-50c5-4e7f-aeb3-5bf5948bd586	other	Aleksandrów Łódzki. Podpalił samochody i dom. Chciał zabić rodzinę
5dde5753-ba1f-466d-80b4-2498ab96aab2	wyborcza	Białystok. Otwarto Muzeum Pamięci Sybiru. Upamiętnienie niezłomności i hartu ducha
5d244139-6241-4b56-b905-2083bdae8172	wikinews	Afryka: transakcje dotyczące gruntów muszą odbywać się na jasnych warunkach
5c05bfc4-7777-489f-aeff-d3b7791c32a6	wikinews	Kolarstwo: Danilo Hondo zawieszony za doping
5b80106f-4455-4bd7-be7c-fb576b853d51	wikinews	Koszalin: pracownicy poczty okradali paczki
5a8797bb-8322-4f0b-bb3b-d3149e80fa9e	space24	Izraelski lądownik nie przetrwał spotkania z Księżycem
5a7a935d-4d4b-4ed4-9cc9-5e29df04ae4e	wikinews	Bayern Monachium awansował do finału Klubowych Mistrzostw Świata 2020
58803809-659e-486a-91b7-bb3a6fa9bfb9	wikinews	Johan Van Summeren wygrał 64. Tour de Pologne
582a5776-0a15-41f1-b570-267cc4e2af76	wyborcza	Wigierski Park Narodowy. Wyrżnięto "Babę" i inne wiekowe jesiony. Bez specjalistycznych badań
57e05749-f7ab-44ac-bd09-3c8ecea06135	wikinews	Mundial 2006: Brazylia 3-0 Ghana
5797f776-64f3-4f75-a065-5d5e4dc7b747	wikinews	Piraci uwolnili saudyjski supertankowiec "Sirius Star"
573e23ad-448c-4129-9fa1-1b172f269005	space24	Szkody w Bejrucie zmapowane. NASA użyła danych z Copernicusa
571624dd-1043-4819-b711-add2c75f71eb	other	Warszawa. Mężczyzna napastował 12-latkę w niemal pustym autobusie
5712d67a-0e9d-4a54-8841-4fbbf66ec173	wikinews	NATO: początek dwudniowego 21. szczytu w Strasburgu i Kehl
5613c941-e7e5-40ac-880a-c8cd85d3aab6	wikinews	Porozumienie VW - IG Metall: Koniec czterodniowego tygodnia pracy
56004fb2-627b-4e77-adb1-6aef512e5d0b	tabletowo	Revolut chce dawać kredyty hipoteczne
5565db9e-0770-4a29-a42d-7074596e8761	wikinews	Katowice: eksmisja czeczeńskich uchodźców z Załęża
541c4af3-498d-4917-aac9-ee2bee8900a6	other	Wójt Żelazkowa zaatakował dziennikarzy. Miał prawie 3 promile
521b28c8-e867-4694-a741-8102c49c83f9	wyborcza	MKOl rezygnuje z testosteronu jako wyznacznika płci dla kobiet trans i z zaburzeniem rozwoju płciowego
521a2685-5732-49b5-a615-10f9f28f1b98	wyborcza	Nowy Sącz. Mężczyzna podpalał wózki dziecięce na klatkach schodowych bloków. "To recydywista"
521171c1-6b7c-4e4c-89fc-4808a5a65ee2	wikinews	Działacze Greenpeace wdrapali się na komin Elektrowni Bełchatów
51970478-87b0-4024-bfec-d6425c0b1b5a	wikinews	Powstała encyklopedia wolnych gier oparta na silniku Wiki
510107a9-c573-4647-8a8c-39938d0a8215	wikinews	PiS zgadza się na wcześniejsze wybory
50e407a9-6124-4030-9369-8059fbc94576	naukawpolsce	Raport: w 2021 r. Europa doświadczyła najcieplejszego lata w historii
4fc895a1-afa6-42c0-8df7-223a3d0281cf	wikinews	Nowy Jork: Ryszard Horowitz otrzymał złoty medal "Zasłużony Kulturze Gloria Artis"
4f9ca612-d845-4e79-bb12-1deb1a60db54	other	Chciał zdezynfekować ręce. Dramat 5-latka z Rozkopaczewa
4e94ad04-058b-4edf-90a3-9dca3536003c	other	Judyta Turan nie żyje. Przed śmiercią nagrała film krótkometrażowy.
4e67d40a-c2df-4635-aca9-1409388910ac	other	Nieletni złodzieje w Wielkopolsce. 9-latka wynosiła ze sklepu zabawki
4e5a043b-fba3-4c71-81ea-9339206dac16	wyborcza	Częstochowa. Policjant z zarzutem gwałtu nie zostanie aresztowany
4de98067-ff2c-4c66-849b-d3532173ac36	tabletowo	Sony i Honda będą razem tworzyć samochody elektryczne
4dd1eb14-7c03-4aeb-9fc1-8bde869b5325	wikinews	Lech Kaczyński zakończył wizytę na Litwę
4d3bcd28-120c-40c8-a957-fda873ea6946	wikinews	Ukraina: zatrzymano ponad 400 protestujących przeciwko okupacji Chersonia
4d244b29-2785-4cea-9c57-605c1522d54d	space24	Ekspert think tanku CSIS: USA nadal niegotowe na wzmożoną rywalizację w kosmosie
4d00e7e5-d5eb-4586-8f9c-d75e9e787e00	wikinews	Warszawa: próba generalna przed Świętem Wojska Polskiego
4c6b53f4-ddf4-4cf4-bd5c-6350599c8cf2	other	PREMIERA TRAILERU GROMDA 7 już dzisiaj o 19:00
4c63a793-321b-4158-8d39-47e94fbe5ec2	wikinews	USA: Przed Pentagonem doszło do strzelaniny
4bdec3fa-12f9-41a2-9eee-955be209d10f	space24	Ukraińska ścieżka współpracy NCBR. Wymiana wiedzy i wspólne inicjatywy
4b157b9a-d1fa-47c7-956b-62336c42d116	other	Żona złożyła wniosek rozwodowy dzień po ślubie. 23-laka nie żyje
48f42356-05b6-4aa0-929b-d6e9e3a354de	naukawpolsce	Badanie: niebezpieczne cyklony będą występowały coraz częściej
487c3b1b-24b1-4f65-add2-603daf07cc3e	wyborcza	Arcybiskup Henryk Hoser nie żyje. "Zmarł po długiej i ciężkiej chorobie"
485ddb59-d46d-4ad3-91af-46ac813785ab	wpwiadomosci	Okręt Ysabel dopłynął do Gdyni. Na pokładzie sprzęt dla Ukrainy
46ed064f-892b-46cf-8dd9-b98d77efddc9	wyborcza	Urzędniczka sanepidu stanie przed sądem. Brała łapówki za pozytywne opinie
46dc5b8f-3cf8-46cf-9815-bb5644b362b1	wikinews	Gdańsk: otwarcie wystawy „W-gallery 03”
464d9fab-6292-484f-a9f8-e082cb1d6e73	wpwiadomosci	Ukraińskie służby o Rosjanach: zabijają matki na oczach dzieci
45f152a1-4c9d-4533-8602-a12ece9db731	wikinews	Japonia w stanie najwyższej gotowości po ostrzale wyspy Yeonpyeong przez KRL-D
45a051c7-a49a-4ab5-aba1-c3ec8aed47e0	wikinews	Polska: prezydent pojedzie do Brukseli
4400bc61-36fd-4a4b-b508-13a580f3973f	wikinews	Dziwidło olbrzymie kwitnie w Ogrodzie Botanicznym Uniwersytetu Warszawskiego
4390c73e-26e0-488d-81cd-99b168a54259	wikinews	Agora uruchomiła internetową platformę radiową
41e49b2a-54d9-4f8c-97a2-77c3f3c7e946	wikinews	EtnoPraga: Transylwania
415fcc55-5d5a-43f3-bfd7-75cfb1554324	wikinews	Koronawirus – 6 marca 2020
41213e2e-c2a1-4f1c-a4ba-7f7cfd621a41	wikinews	Śrem: 17 kwietnia początek II Festiwalu Kina Alternatywnego
40f67f3f-dff5-4340-88f7-156ee6dfe6dd	wikinews	Kaarel Nurmsalu został Mistrzem Estonii w skokach narciarskich
40b77307-c2a2-4fa7-a6c8-6bb7d87c2e02	wikinews	12-letni chłopiec z daltonizmem po raz pierwszy w życiu zobaczył świat w kolorach
40a714b0-7bcc-48ec-8a83-7386762a7d4f	wikinews	Kwaśniewski: Miller kandydatem LiD w wyborach do PE
400df5c3-e91f-4476-ac57-3a58edb92775	wikinews	Polska przegrała w tie-breaku finał siatkarskiego turnieju w Halle
3fda717c-35c9-460f-966f-6825029b5148	wikinews	Irak: Polscy żołnierze ujęli 29 terrorystów
3f4a651b-248c-4db8-9c00-8c55d09f7453	wikinews	Lepper: zarządzam partią jednoosobowo
3cd00f7e-d9a9-46f8-83f7-a1360982f158	wikinews	Lech Kaczyński odznaczył pośmiertnie Janusza Bobaka
3ca5bb68-eb38-459d-b943-34f109eb8847	wikinews	Europejski Dzień Sprawiedliwych 2016 w Łodzi
39e4ee2e-8685-4784-9f91-ca7bd0dc5c3f	wikinews	Puchar Świata w skokach narciarskich: kwalifikacje do pierwszego konkursu odwołane
377bfd95-a26f-4807-83eb-d4cf8262ef7a	wikinews	Zderzenie kolejki Maltanki z samochodem w Poznaniu
3756a258-62c3-4a2f-80f1-5f9d41bc73c3	wikinews	Demis Roussos nie żyje
32fd9e01-b96a-4346-84ee-bf6e286365a1	wikinews	Nowa książka Grossa: Polacy to odnoszący korzyści materialne współsprawcy eksterminacji Żydów
2fcac532-7310-4ff6-a7a0-7a46aa4f39d3	wikinews	Jutro rozpoczęcie Wimbledonu 2014
2ed69e6f-c8e0-48a2-b61a-ee10997559f1	wikinews	Wrocław: koncert zespołu Kruzenshtern & Parohod
2e8b4b9e-783c-45b6-9b9b-c7a7407ba138	wikinews	Open 3D Foundation – nowy projekt Linux Foundation
2d92597f-87c1-45d4-a3cb-0c5c2da9826a	wikinews	Węgry: w Budapeszcie i Szeged odbędzie się 15. Polska Wiosna Filmowa
2d9224c8-601a-4cbe-9bb4-cc34d724bb42	wyborcza	Ponad 1,5 tys. budynków w Toruniu podłączonych do sieci ma już włączone ogrzewanie
2ca8e22f-589d-4a0e-858a-ba4830b76d46	wikinews	Andrzej Kryże prokuratorem krajowym
2c302791-2ca9-4a22-b1b9-ac847efd8efd	wp-wiadomosci	USA. Burza tropikalna Henry dotarła do wybrzeża. Setki tysięcy ludzi bez prądu
2aef9f2a-6d55-4ffa-a89f-dae677aee9b9	wikinews	Michał Pazdan zawodnikiem Jagiellonii Białystok
2abe5c37-0897-46d2-9731-72aa16d20048	wikinews	Fidel Castro wydał oświadczenie z okazji Nowego Roku 2007
2ab185da-7ab0-46d4-9e9e-635315273d41	wikinews	Polski wędkarz utonął w norweskim jeziorze
2a073d8b-38d0-415e-b944-ecbc1cef3086	wikinews	ZIO: Polacy na 5. miejscu w konkursie drużynowym skoków narciarskich
2982c306-b718-48e7-81a5-269926d085c8	wikinews	Dudka złamał nogę?
2964f161-b897-4945-9e3f-37bc90207e4c	wikinews	Warszawa: V Konferencja Ministerialnego Procesu Ochrony Lasów w Europie
28c94dbc-1296-4f66-b6dd-fee125c7b567	wikinews	Chełm: Trotyl w plecaku
281173f2-55c9-4f8d-8bac-1aa21cc4f929	wikinews	Wiceprzewodniczący Trybunału Stanu nie żyje
26314482-86f7-4d08-97bc-7b1ad4f597a8	wyborcza	Kuba. Legendarny opozycjonista Guillermo Farinas aresztowany
235398c6-49f5-4707-80a5-5c8e3dfc39b0	wikinews	Gdzie żyje się najdrożej?
22f62e91-2b2b-42cb-bb84-accbcb3f59ac	wyborcza	Dwa oddziały nie działają w szpitalu w Toruniu, bo brakuje kadry. Dyrekcja pilnie szuka lekarzy
223fefa5-7ead-4c6a-87ce-c37681272f15	wikinews	Telefony komórkowe na Kubie już dozwolone
2226aa1e-4580-43b9-91a5-05597d6654cf	wikinews	Białoruś: Służby porządkowe rozpędziły manifestację przedsiębiorców
21afa3d1-de9b-4a42-9ddf-a7e3143402b0	wikinews	Ubuntu 5.10 "zakończy życie" 13 kwietnia 2007
2185e3b4-b617-4962-b955-4bad1636409e	wikinews	Kolegium kardynałów: pogrzeb papieża w piątek
20ec32be-6a8f-4887-a9f1-d3144c616816	wikinews	Program WorldWide za darmo dla użytkowników Windows
20c77729-1481-4822-95e6-7ed2da84641e	wikinews	Protesty przeciwko ACTA w Polsce
1fcc8ecd-4eee-4ae0-9227-0a47fe17e614	wikinews	Zmarł Jan Kułaj
1edb3503-0ec9-4c91-97f9-cff17efa0b1c	space24	Uzyskano tlen z marsjańskiego CO2. Nowy kamień milowy misji Perseverance
1e4ced71-8c2d-44be-ab86-d6ee1364478b	wikinews	Somalia: grecki frachtowiec kolejnym łupem piratów
1df5136f-4e10-4008-b9a9-b8e461382603	space24	O kamerach satelity PW-Sat2
1d7573a2-187c-4af5-a1c9-2f1319f686dc	wikinews	Poznań: powrót operetki „Księżniczka Czardasza” na deski Teatru Muzycznego
1d181b30-6843-44ac-ad88-03e442164d1b	wikinews	W wyborach do francuskiego Zgromadzenia Narodowego wygrała prawica
1c2da928-ff48-4ec9-b5d4-6f5f79fdb1d1	wyborcza	Rocznica powstania warszawskiego. Objazdy i dodatkowe autobusy na Powązki i Wolę
1bf4082f-1821-418b-a966-950431c5500b	niebezpiecznik	Spłonęła serwerownia OVH
1b70453a-58cf-4873-a5f9-4c9a238ca9d3	naukawpolsce	Polscy naukowcy zbadali poziom nowości biologicznej lasów na hałdach pogórniczych
1b198991-a04c-44ca-ae86-c0c681b8772e	wikinews	Open'er 2010: „I Feel Better” przy chasydzkiej alternatywie – trzeci dzień imprezy
1ae94c84-417c-428e-bf98-dff5f242ed57	wikinews	Ogromne spadki na warszawskiej giełdzie
1ac0ba25-41b0-4ce2-b22e-a4e033d45432	wyborcza	Zatopienie krążownika Moskwa. Niezależny rosyjski portal: Zginęło 37 osób
1a8991e8-f5dd-4c49-838f-ff122d70ca97	wyborcza	FBI oskarża północnokoreańskich hakerów o kradzież 620 mln dolarów w kryptowalutach
1a7910b0-d1bf-437b-819f-898dddd4eac7	naukawpolsce	Możliwa jest ultradźwiękowa terapia cukrzycy
18e05e78-1268-471b-9795-0f5fe28503cc	space24	Wystrzelono kolejne zestawy Starlinków. Celem wyższa orbita
18c684a0-68ba-4ba2-8bd6-64869b93891e	naukawpolsce	Rekrutacja na MBA z zarządzania lasami
189f3e46-9fac-4ac6-b25a-a716f365e538	wyborcza	Podsumowanie dnia: 21 października. PE przyjął rezolucję, reżim Asada zbombardował okolice Idlibu
189e48f1-335f-48ba-85cf-216f61fb4abb	wyborcza	Niemiecka flaga oraz portret Tuska spalone na mającym status państwowy Marszu Niepodległości
18108354-66a4-4683-ba6e-5cdc0c0a2aed	wikinews	Do Ogrodu Zoologicznego w Opolu przywieziono dwa lwy angolskie
17758254-6b15-44a8-b016-3b4155f278bf	wyborcza	Wielka Orkiestra Świątecznej Pomocy w Toruniu. Zebraliśmy ponad 683 tys. zł
168e3b00-178a-4cee-b3d8-3cc692e9c0af	naukawpolsce	Uniwersytet Wrocławski zamroził współpracę z rosyjskimi uczelniami i instytucjami naukowymi
15f95226-4184-4a3a-8fd8-f92929a0103d	naukawpolsce	Prof. Szuster-Ciesielska: leki doustne przeciwko COVID-19 mogą uchronić przed hospitalizacją
14ab1aef-ee23-4065-939b-cdae3fe7666f	wyborcza	Słynna krzywa sosna z Falenicy ocalona. Spółka PKP rezygnuje z jej wycięcia
13e3249c-4ceb-42ac-92e8-87cd0e693f70	naukawpolsce	Wyrzut materii ze Słońca zmierza w stronę Ziemi; możliwa burza geomagnetyczna
13b659a9-3cf2-4d6e-9ef5-a3aba5dff303	wikinews	Powstała Fundacja OpenSocial
13aa4472-a3a9-4e4f-bfe6-fe586a2345ca	wpwiadomosci	Akcja w kopalni Zofiówka. Zlokalizowano sygnał z czterech lamp górników
136e8d75-5e66-4f18-af52-635714ef278e	other	Córka pozwała lekarza matki za to, że się urodziła. Jest wyrok
133953ab-9b89-4827-bf38-5d010258450d	wikinews	Bezpieczeństwo komputerowe: ze względu na włamania Google zabroniło swoim pracownikom korzystania z Windowsa
12df010d-8460-4d1c-bca7-b61cfd01e55d	wpwiadomosci	Ukraińcy trafią nawet z 50 kilometrów. Holandia wysyła niemiecką superbroń
11db7da4-91c3-413d-ae12-5cd014896702	wpwiadomosci	Ciężkie walki o Azowstal. Rosjanie przebili się na jednym z kierunków natarcia
11385379-b51d-43a2-beaf-b15c37cac501	wikinews	Azerbejdżan: szczyt energetyczny w Baku
10ce2cb5-921c-4fc6-9570-5dd419268219	tabletowo	OPPO zaleje polski rynek kolorowymi smartfonami z serii Reno 7
0fa22cf6-5bf5-464b-9d66-edcc08a7eb84	wikinews	Francja: trwa druga tura wyborów parlamentarnych
0f3c0ddc-04bb-4b5e-995e-dafcc40353e2	wikinews	GP Chin: Kubica nie dojechał, Raikkonen triumfuje
0eeeba74-d014-4812-b83f-8a85a6bef620	wyborcza	Najlepsi maturzyści w Polsce na gali w Rzeszowie. Egzaminy zdawali na 100 albo na prawie 100 proc.
0e341383-744b-4d8f-a61c-95fc28db6988	other	Dramat na rajdzie Mikołajów w Gdyni. Motocyklista wjechał w tłum
0e2d5375-94eb-494b-b8f1-9dfdbd0c6df8	wikinews	Prezydent RP odznaczył kardynała Mariana Jaworskiego
0d253015-9c87-4f34-9e77-cbaebbc1c4c0	other	Nie żyje Zbigniew Plesner. Żałoba w Szczecinie
0cca747f-072a-4add-8019-2e861ae0c323	wikinews	Czy są perspektywy na zakończenie wojny domowej w Syrii?
0c7a3d79-8fa0-4637-a0f2-96751b379c5b	naukawpolsce	EMA rekomenduje czwartą dawkę szczepionki przeciwko COVID-19 dla osób starszych
0c32f24d-a1a9-4254-aa4a-f0602a012ad9	naukawpolsce	Seksuolog: 44 proc. Polaków rozmawia otwarcie o swoim związku z partnerem/partnerką
0c180863-4c8d-4cc7-8a41-63552ff355bf	wikinews	Ścieżka rowerowa z paneli słonecznych
0baf781a-3c37-4c12-89db-9dadd5b26266	wyborcza	Mamo, wrócę z kwiatami. Białoruski artysta uciekł do Łodzi i tworzy mocne antyrosyjskie grafiki
0b737987-fdcf-448e-9765-7443d1c9b391	space24	Trwa konkurs na nazwy egzoplanet. Ponad 1000 zgłoszeń w polskiej edycji
0b48763e-0c43-45a8-83a7-9020b6f27ad8	wikinews	Bogdan Pęk przed komisją śledczą
0b137cba-aa79-45ec-a7c5-7a40b68d1363	naukawpolsce	Rada Narodowego Centrum Nauki krytycznie o projekcie ustawy o Akademii Kopernikańskiej
09845a5f-6326-4fee-b0a5-0c8f0ba72e83	wikinews	Dawid Krupa wygrał wyścig kolarski Tatry Tour 2007
07bad8ca-8c08-4068-9749-615bc3e66cab	wikinews	Znicz 2008: zginęły 32 osoby, 421 zostało rannych
06feb8ff-4802-40d3-aeec-d423fbb4f75c	wikinews	Apple wymienia wadliwe ładowarki
061b2bec-0be9-4c98-814c-9b883d18f300	wyborcza	Władze Sądu Okręgowego w Krakowie pacyfikują sędziów, którzy odmówili orzekania z osobami wybranymi przy udziale neo-KRS
05f8a11a-3dbd-4bd7-9d06-08948668e317	tabletowo	Kompletna nowość w sklepie Google Play – sekcja Bezpieczeństwa danych
05b02157-c18a-4f43-a173-f69a32a357b8	wyborcza	Prokuratura wszczęła śledztwo w sprawie gróźb kierowanych wobec prezydenta Bogdana Wenty
05a513d9-6b5b-4422-905e-ba62fe263f99	wikinews	Gołota pokonany po 53 sekundach
054a5da7-dc86-440f-8d05-b416acf02e3d	pudelek	Piotr Świąc nie żyje. Prezenter TVP zginął w tragicznym wypadku samochodowym
04f49360-9545-499f-bca2-bf446a8b34d3	naukawpolsce	Polscy badacze zidentyfikowali sinice, które potrafią przetrwać stężenia nadchloranów wyższe niż na Marsie
029d310a-c3a4-42c9-abc3-94381d4aca10	space24	Raport klimatyczny: lipiec 2019 najcieplejszym miesiącem w historii pomiarów
017ab707-4840-43d5-8c1a-d9a95794442d	wikinews	Łódź: mogą rozpocząć się prace przy nowym Dworcu Fabrycznym
009a0058-fc34-4d1c-82bc-67bf6846d88f	wikinews	Bilans Fundacji Batorego: Ile kandydaci na prezydenta wydali na kampanię?
00273841-fd32-415f-a8b6-44f991f33a5b	wikinews	Ryōyū Kobayashi wygrał pierwszy konkurs na skoczni w Planicy podczas zawodów Pucharu Świata w sezonie 2020/2021
